Caffe Americano,water,brewed espresso,,,,,,,
Blonde Roast,brewed coffee,,,,,,,,
Caffe Misto,brewed coffee,milk,,,,,,,
Feature Dark Roast,brewed coffee,,,,,,,,
Pike Place Roast,brewed coffee,,,,,,,,
Decaf Pike Place Roast,brewed decaf coffee,,,,,,,,
Cappuccino,milk,brewed espresso,,,,,,,
Espresso,brewed espresso,,,,,,,,
Espresso Con Panna,brewed espresso,whipped cream,,,,,,,
Flat White,milk,brewed espresso,,,,,,,
Pumpkin Spice Latte,Milk,Pumpkin spice sauce,Brewed espresso,Whipped cream,Pumpkin spice topping,,,,
Caffe Latte,Milk,brewed espresso,,,,,,,
Cinnamon Dolce Latte,milk,brewed espresso,Cinnamon dolce syrup,Whipped cream,Cinnamon dolce topping,,,,
Skinny Cinnamon Dolce Latte,milk,brewed espresso,Sugar free cinnamon dolce syrup,,,,,,
Vanilla Latte,milk,brewed espresso,Vanilla syrup,,,,,,
Cocoa Cloud Macchiato,milk,brewed espresso,Toffee nut syrup,Cloud powder,Caramel sauce,Mocha sauce,,,
Caramel cloud macchiato,milk,brewed espresso,Vanilla syrup,Cloud powder,Caramel sauce,,,,
Caramel macchiato,milk,brewed espresso,Caramel sauce,,,,,,
Espresso macchiato,Brewed espresso,Milk,,,,,,,
Salted caramel mocha,milk,Mocha sauce,Brewed espresso,Toffe nut syrup,Whipped cream,Caramel sauce,Sea salt topping,,
Caffe mocha,Milk,Brewed espresso,Mocha sauce,Whipped cream,,,,,
Skinny Mocha,milk,Skinny mocha sauce,Brewed espresso,,,,,,
White chocolate mocha,milk,White chocolate mocha sauce,Brewed espresso,whipped cream,,,,,
Salted caramel hot chocolate,milk,Mocha sauce,Toffe nut syrup,Whipped cream,Vanilla syrup,Caramel sauce,Sea salt topping,,
Hot chocolate,milk,Mocha sauce,Whipped cream,,,,,,
Skinny Hot chocolate,milk,Skinny mocha sauce,Sugar free vanilla syrup,,,,,,
White hot chocolate,milk,White chocolate mocha sauce,Whipped cream,,,,,,
Pumpkin spice frappuccino,ice,Milk,Coffee Frappuccino syrup,Whipped cream,Pumpkin spice sauce,Pumpkin spice topping,,,
Salted caramel mocha frappuccino,ice,Milk,Coffee Frappuccino syrup,Whipped cream,Mocha sauce,Toffee nut syrup,Caramel sauce,Sea salt topping,Coffee
Caramel ribbon crunch frappuccino,ice,milk,Coffe frappuccino syrup,Whipped cream,coffee,Dark caramel sauce,Caramel sauce,Caramel sugar topping,
Mocha cookie crumble frappuccino,ice,milk,Coffee Frappuccino syrup,Whipped cream,Coffee,Mocha sauce,Frappuccino chips,Chocolate cookie grind topping,
Caramel frappuccino,ice,milk,Coffee Frappuccino syrup,Coffee,Whipped cream,Caramel syrup,Caramel drizzle,,
Caffe vanilla frappuccino,ice,milk,Coffee Frappuccino syrup,coffee,Whipped cream,Vanilla bean powder,,,
Coffee frappuccino,ice,milk,Coffee Frappuccino syrup,coffee,,,,,
Espresso Frappuccino,ice,Coffee frappuccino syrup,milk,coffee,Brewed espresso,,,,
Java Chip Frappuccino,ice,milk,Coffee frappuccino syrup,Whipped cream,Mocha sauce,Frappuccino chips,,,
Mocha frappuccino,ice,milk,Coffee frappuccino syrup,coffee,Whipped cream,Mocha sauce,,,
White chocolate mocha frappuccino,ice,milk,Coffee frappuccino syrup,Whipped cream,coffee,White chocolate mocha sauce,,,
,,,,,,,,,
,,,,,,,,,